D1,10385630,3
D2,10385633,3
E1,10385642,3
E3,10385650,3
E4,10385651,3
E5,10385653,3
EP1,10385677,3
EP1,10385677,3
F1,10385704,3
F10,10385687,3
F105,10385686,3
F11,10385689,3
F12,10385690,3
F13,10385692,3
F14,10385695,3
F15,10385696,3
F17,10385699,3
F18,10385701,3
F182,10385700,3
F2,10385784,3
F20,10385714,3
F201,10385705,3
F203,10385707,3
F204,10385708,3
F207,10385711,3
F208,10385712,3
F209,10385713,3
F21,10385724,3
F210,10385715,3
F212,10385716,3
F214,10385718,3
F215,10385719,3
F216,10385720,3
F221,10385726,3
F225,10385730,3
F23,10385739,3
F234,10385735,3
F236,10385737,3
F237,10385738,3
F24,10385745,3
F244,10385741,3
F25,10385753,3
F255,10385748,3
F256,10385749,3
F259,10385751,3
F26,10385761,3
F260,10385754,3
F261,10385755,3
F263,10385757,3
F27,10385770,3
F270,10385762,3
F283,10385773,3
F284,10385774,3
F287,10385775,3
F288,10385776,3
F290,10385778,3
F291,10385779,3
F299,10385782,3
F3,10385815,3
F300,10385785,3
F303,10385788,3
F31,10385797,3
F315,10385794,3
F329,10385799,3
F33,10385803,3
F337,10385800,3
F338,10385801,3
F35,10385809,3
F36,10385811,3
F360,10385810,3
F37,10385812,3
F4,10385834,3
F40,10385824,3
F41,10385825,3
F44,10385827,3
F45,10385828,3
F47,10385829,3
F48,10385830,3
F49,10385832,3
F5,10385841,3
F54,10385836,3
F6,10385845,3
F7,10385856,3
F75,10385847,3
F76,10385849,3
F77,10385851,3
F78,10385853,3
F79,10385855,3
F8,10385868,3
F80,10385857,3
F81,10385858,3
F82,10385859,3
F83,10385860,3
F84,10385861,3
F85,10385862,3
F86,10385863,3
F87,10385864,3
F88,10385865,3
F9,10385877,3
F91,10385870,3
F92,10385871,3
F94,10385873,3
F95,10385874,3
F96,10385875,3
FP1,10385882,3
FP2,10385889,3
FP3,10385891,3
FP7,10385903,3
G1,10385913,3
G10,10385904,3
G12,10385907,3
G13,10385908,3
G17,10385912,3
G2,10385917,3
G3,10385919,3
G4,10385920,3
G5,10385922,3
G6,10385924,3
G7,10385927,3
G8,10385929,3
GP1,10385932,3
GP1,10385932,3
GP2,10385934,3
GP2,10385934,3
GP4,10385938,3
GP4,10385938,3
H1,10385940,3
HP1,10385948,3
HP1,10385948,3
I6,10385959,3
M1,10386019,3
M10,10386011,3
M11,10386012,3
M13,10386014,3
M14,10386015,3
M15,10386016,3
M16,10386017,3
M2,10386027,3
M3,10386036,3
M4,10386038,3
M5,10386040,3
M6,10386042,3
M70,10386043,3
M8,10386045,3
M9,10386046,3
MP1,10386048,3
MP1,10386048,3
T1,10386066,3
T10,10386056,3
T11,10386057,3
T12,10386058,3
T14,10386059,3
T16,10386061,3
T18,10386064,3
T19,10386065,3
T2,10386083,3
T21,10386075,3
T3,10386087,3
T4,10386097,3
T5,10386098,3
T7,10386107,3
T8,10386112,3
T9,10386115,3
TP6,10386126,3
TP6,10386126,3
TP7,10386128,3
TP7,10386128,3
W1,10386143,3
W10,10386131,3
W11,10386132,3
W12,10386133,3
W16,10386137,3
W20,10386146,3
W6,10386162,3
W8,10386166,3
W9,10386168,3
WP2,10386172,3
WP3,10386174,3
WP3,10386174,3
SPE Kit,0,3
TIE Kit,0,3
Substrate,0,3
D1 Control,0,3
D2 Control,0,3
M6 Control,0,3
TIE Control,0,3
Septa Caps,0,3
